dbid,jp_name,en_name
"0","黄金","gold bar"
"1","長剣","long sword"
"2","短剣","dagger"
"3","手斧","hand axe"
"4","棍棒","club"
"5","魔法帽","magic hat"
"6","フェアリーハット","fairy hat"
"7","鎧","breastplate"
"8","法衣","robe"
"9","細工篭手","decorated gloves"
"10","厚篭手","thick gauntlets"
"11","重靴","heavy boots"
"12","合成靴","composite boots"
"13","装飾の指輪","decorative ring"
"14","鑑定の巻物","identify"
"15","神託の巻物","oracle"
"16","テレポートの巻物","teleportation"
"17","インコグニートの巻物","incognito"
"18","鑑定の魔杖","identify"
"19","テレポートの魔杖","teleportation"
"20","テレポートの魔法書","teleportation"
"21","鑑定の魔法書","identify"
"22","解呪の魔法書","uncurse"
"23","本","book"
"24","本","book"
"25","バグの本","bugged book"
"26","汚水","dirty water"
"27","盲目のポーション","blindness"
"28","混乱のポーション","confusion"
"29","麻痺のポーション","paralysis"
"30","睡眠薬","sleeping drug"
"31","クリムエール","crim ale"
"32","アイスボルトの魔法書","ice bolt"
"33","ファイアボルトの魔法書","fire bolt"
"34","ライトニングボルトの魔法書","lightning bolt"
"35","大地の結晶","earth crystal"
"36","魔力の結晶","mana crystal"
"37","太陽の結晶","sun crystal"
"38","金塊","gold bar"
"39","ルビナスの原石","rubynus"
"40","ミカ","mika"
"41","エメラルドの原石","emerald"
"42","ダイヤモンドの原石","diamond"
"43","木片","wood piece"
"44","クズ石","junk stone"
"45","クズ","garbage"
"46","割れたつぼ","broken vase"
"47","洗物","washing"
"48","かがり台","bonfire"
"49","旗","flag"
"50","折れた刃","broken sword"
"51","骨","bone fragment"
"52","骸","skeleton"
"53","石碑","tombstone"
"54","金貨","gold piece"
"55","プラチナ硬貨","platinum coin"
"56","《ディアボロス》","<Diablo>"
"57","《斬鉄剣》","<Zantetsu>"
"58","長弓","long bow"
"59","騎士盾","knight shield"
"60","拳銃","pistol"
"61","矢束","arrow"
"62","弾丸","bullet"
"63","《虚無の大鎌》","<Scythe of Void>"
"64","《モーンブレイド》","<Mournblade>"
"65","軽外套","light cloak"
"66","腰当","girdle"
"67","装飾首輪","decorative amulet"
"68","軽傷治癒のポーション","cure minor wound"
"69","重傷治癒のポーション","cure major wound"
"70","致命傷治癒のポーション","cure critical wound"
"71","体力回復のポーション","healing"
"72","癒し手のポーション","healer"
"73","《ラグナロク》","<Ragnarok>"
"74","癒し手オディナのポーション","healer <Odina>"
"75","白き癒し手エリスのポーション","healer <Eris>"
"76","聖なる癒し手ジュアのポーション","healer <Jure>"
"77","丸椅子","round chair"
"78","普通の本棚","bookshelf"
"79","高級箪笥","luxury drawer"
"80","安物ベッド","boring bed"
"81","ぬいぐるみ","rag doll"
"82","玩具","toy"
"83","モダンテーブル","modern table"
"84","ダイニングテーブル","dining table"
"85","様々な鎧","armor"
"86","たくさんの雑貨","goods"
"87","色とりどりの装飾品","accessories"
"88","グランドピアノ","grand piano"
"89","バーテーブルα","bar table alpha"
"90","バーテーブルβ","bar table beta"
"91","タル","barrel"
"92","お洒落な椅子","modern chair"
"93","つるはし","pick"
"94","ランタン","lantern"
"95","飾り物の鎧","decorative armor"
"96","金床","anvil"
"97","密封されたつぼ","closed pot"
"98","開いているつぼ","open pot"
"99","勉強机","academic table"
"100","ポーションの棚","potions"
"101","四角い椅子","square chair"
"102","安物の椅子","cheap chair"
"103","食器棚","cupboard"
"104","物置","barn"
"105","本たてつきの棚","neat shelf"
"106","収納棚","closet"
"107","いろんな道具","tools"
"108","いろんな雑貨","goods"
"109","井戸","well"
"110","いろんな洋服","clothes"
"111","溶解炉","furnace"
"112","オーブン","oven"
"113","標識","sign"
"114","道標","crossroad sign"
"115","掲示板","board"
"116","ショートテレポートの魔法書","minor teleportation"
"117","空のバスケット","empty basket"
"118","モンスター召喚の魔法書","summon monsters"
"119","軽傷治療の魔杖","cure minor wound"
"120","マジックミサイルの魔杖","magic missile"
"121","サモンモンスターの魔杖","summon monsters"
"122","氷の視線の魔杖","ice bolt"
"123","炎の衝撃の魔杖","fire bolt"
"124","パンの陳列棚","breads"
"125","生命の魔杖","heal"
"126","ビーカー","beaker"
"127","錬金術の道具","alchemy kit"
"128","魔法陣","pentagram"
"129","小さい観葉植物","small foliage plant"
"130","木香薔薇","rose"
"131","大きい観葉植物","large foliage plant"
"132","サルビアの花","sage"
"133","ガザニアの花","gazania"
"134","ネリネの花","nerine"
"135","アネモネの花","anemos"
"136","猫じゃらし","foxtail grass"
"137","カーネーションの花","carnation"
"138","植物で飾られた柱","statue ornamented with plants"
"139","花で飾られた柱","statue ornamented with flowers"
"140","絵描き道具","canvas"
"141","地図","map"
"142","調理機","food maker"
"143","たくさんの弓","bows"
"144","武器の束","weapons"
"145","飾られた服","decorated cloth"
"146","飾られた鎧","decorated armor"
"147","鎧の像","armor"
"148","散らかった本","disorderly book"
"149","本の山","books"
"150","名工箪笥","craft rack"
"151","名工本棚","craft book shelf"
"152","飲みきれないほどの酒","alcohols"
"153","調理台","kitchen"
"154","流し台","sink"
"155","コンロ付き調理台","kitchen oven"
"156","狭い食卓","narrow dining table"
"157","上品なテーブル","elegant table"
"158","絢爛な燭台","gorgeous candlestick"
"159","単なる棚","simple shelf"
"160","裁縫セット","sewing kit"
"161","工具","carpenter's tool"
"162","散らばった衣類","messy cloth"
"163","絹の生地","silk cloth"
"164","風化した墓","collapsed grave"
"165","崩れた墓","crumbled grave"
"166","花で飾られた墓","ornamented with flowers"
"167","新品の墓","brand new grave"
"168","荘厳な墓","solemn tomb"
"169","古墳","ancient tomb"
"170","古めかしい墓","old grave"
"171","祭壇","altar"
"172","儀式用の祭壇","ceremony altar"
"173","噴水","fountain"
"174","二段ベッド","bunk bed"
"175","稲妻の軌跡の魔杖","lightning bolt"
"176","鈍足の魔杖","slow"
"177","クワパナ","quwapana"
"178","アロエ","aloe"
"179","山菜","edible wild plant"
"180","リンゴ","apple"
"181","ブドウ","grape"
"182","キウイ","kiwi"
"183","さくらんぼ","cherry"
"184","グアバ","guava"
"185","キャロット","carrot"
"186","大根","radish"
"187","さつまいも","sweet potato"
"188","レタス","lettuce"
"189","食器の山","dish"
"190","イーモ","imo"
"191","アピの実","api nut"
"192","苺","strawberry"
"193","薬草","healthy leaf"
"194","万色フルーツ","rainbow fruit"
"195","クッチェ","qucche"
"196","夏ミカン","tangerine"
"197","レモン","lemon"
"198","グリーンピース","green pea"
"199","カボチ","cbocchi"
"200","ウリ","melon"
"201","レッチョ","leccho"
"202","千里眼の魔杖","magic mapping"
"203","癒しの魔杖","cure"
"204","死体","corpse"
"205","ウィスキー","whisky"
"206","《エーテルダガー》","<Ether Dagger>"
"207","《異形の森の弓》","<Bow of Vinderre>"
"208","途方も価値のない錆びた偽物の金塊","worthless fake gold bar"
"209","解呪の巻物","uncurse"
"210","小石","stone"
"211","鎌","sickle"
"212","杖","staff"
"213","長槍","spear"
"214","鉱石の欠片","ore piece"
"215","たくさんの空のビン","empty bottles"
"216","バスケット","basket"
"217","空っぽの鉢","empty bowl"
"218","鉢","bowl"
"219","頑丈なロープ","tight rope"
"220","魚の死骸","dead fish"
"221","藁","straw"
"222","動物の骨","animal bone"
"223","鍋","pot"
"224","刀","katana"
"225","海賊刀","scimitar"
"226","戦斧","battle axe"
"227","大槌","hammer"
"228","三叉槍","trident"
"229","長棒","long staff"
"230","短弓","short bow"
"231","機関銃","machine gun"
"232","大剣","claymore"
"233","兵糧","ration"
"234","大斧","bardish"
"235","鉾槍","halberd"
"236","帰還の巻物","return"
"237","フィギア『狂戦士』","warrior"
"238","フィギア『伝説の剣』","sword"
"239","宝石で飾られた宝箱","bejeweled chest"
"240","宝箱","chest"
"241","金庫","safe"
"242","魔法の地図","magical map"
"243","能力獲得の巻物","gain attribute"
"244","不思議な巻物","wonder"
"245","ショートテレポートの巻物","minor teleportation"
"246","魔法の地図の魔法書","magic mapping"
"247","神託の魔法書","oracle"
"248","帰還の魔法書","return"
"249","軽傷治癒の魔法書","cure minor wound"
"250","致命傷治癒の魔法書","cure critical wound"
"251","エリスの癒しの魔法書","cure <Eris>"
"252","ジュアの癒しの魔法書","cure <Jure>"
"253","ビア","beer"
"254","ホーン","horn"
"255","焚き火","campfire"
"256","携帯調理道具","portable cooking tool"
"257","魔法の矢の魔法書","magic arrow"
"258","スティックパン","stick bread"
"259","生麺","raw noodle"
"260","小麦粉","flour"
"261","はじけ魚","bomb fish"
"262","毒薬","poison"
"263","地獄の吐息の魔法書","nether sigh"
"264","混沌の瞳の魔法書","chaos eye"
"265","神経の針の魔法書","nerve needle"
"266","忍刀","wakizashi"
"267","ダークネスボルトの魔法書","darkness bolt"
"268","マインドボルトの魔法書","mind bolt"
"269","氷結の波動の魔法書","freezing wave"
"270","灼熱の嵐の魔法書","burning storm"
"271","轟音の波動の魔法書","howling wave"
"272","混沌の渦の魔法書","chaos vortex"
"273","薪","fire wood"
"274","かかし","scarecrow"
"275","ほうき","broom"
"276","長い柱","long pillar"
"277","折れた柱","broken pillar"
"278","街灯","street lamp"
"279","水桶","water tub"
"280","落ち着くテーブル","comfortable table"
"281","浮き輪","inner tube"
"282","意味深な地図","mysterious map"
"283","カバン(落し物)","suitcase"
"284","財布(落し物)","wallet"
"285","肉体復活のポーション","restore body"
"286","精神復活のポーション","restore spirit"
"287","潜在能力のポーション","potential"
"288","呪縛の巻物","curse"
"289","願いの魔法書","wishing"
"290","願いの魔杖","wishing"
"291","整備された武具","well kept armor"
"292","日用品の棚","good"
"293","装飾品の棚","accessaries"
"294","タオル","towel"
"295","ぼろい机","ragged table"
"296","お酒のキャビネット","cabinet"
"297","高級ベッド","luxury bed"
"298","高価な花瓶","vase"
"299","高級ミラー","high grade dresser"
"300","高収納バーテーブル","neat bar table"
"301","大きな花束","large bouquet"
"302","衣類箪笥","clothes"
"303","巨大なベッド","giant bed"
"304","粗末なベッド","plain bed"
"305","棺桶","coffin"
"306","フードプロセッサー","food processor"
"307","落ち着くベッド","soft bed"
"308","簡易棚","cheap rack"
"309","鏡台","dresser"
"310","清潔なベッド","clean bed"
"311","風呂","bathtub"
"312","パチスロマシーン","pachisuro machine"
"313","カジノテーブル","casino table"
"314","スロットマシーン","slot machine"
"315","ダーツ","darts board"
"316","特大の観葉植物","big foliage plant"
"317","古い棚","old shelf"
"318","古い本棚","old bookshelf"
"319","簡易ベッド","cheap bed"
"320","でこぼこした机","cheap table"
"321","小奇麗な棚","neat rack"
"322","シンプルな鏡台","simple dresser"
"323","大きい食器棚","big cupboard"
"324","神聖な祭壇","sacred altar"
"325","ふかふかのベッド","comfortable bed"
"326","シンプルな棚","simple rack"
"327","長椅子","wide chair"
"328","アップライトピアノ","upright piano"
"329","十字架","cross"
"330","切り株","stump"
"331","ドレス","dress"
"332","テーブル","table"
"333","旅糧(荷車)","traveler's food"
"334","王座","throne"
"335","金の飾台","golden pedestal"
"336","金の像","golden statue"
"337","皮","skin"
"338","体液","blood"
"339","瞳","eye"
"340","心臓","heart"
"341","骨片","bone"
"342","釣竿","fishing pole"
"343","懐かしいルーン","rune"
"344","権利書","deed"
"345","ムーンフィッシュ","moonfish"
"346","サーディン","sardine"
"347","フラットフィッシュ","flatfish"
"348","マンボー","manboo"
"349","シーブリーム","seabream"
"350","サーモン","salmon"
"351","グローブフィッシュ","globefish"
"352","ツナ","tuna"
"353","カトラスフィッシュ","cutlassfish"
"354","サンドボーラー","sandborer"
"355","《火炎竜ヴェスダの篭手》","<Gloves of Vesda>"
"356","《ブラッドムーン》","<Blood Moon>"
"357","《鋼鉄竜の指輪》","<Ring of Steel Dragon>"
"358","《狂気の杖》","<Staff of Insanity>"
"359","《ランキス》","<Rankis>"
"360","《パルミア・プライド》","<Palmia Pride>"
"361","商人のカバン","shopkeeper's trunk"
"362","*鑑定*の巻物","greater identify"
"363","*解呪*の巻物","vanish curse"
"364","防衛者のポーション","defender"
"365","聖なる盾の魔法書","holy shield"
"366","沈黙の魔杖","silence"
"367","沈黙の霧の魔法書","silence"
"368","沈黙のポーション","silence"
"369","リジェネレーションの魔法書","regeneration"
"370","トロールの血","troll blood"
"371","属性保護の魔法書","resistance"
"372","属性耐性のポーション","resistance"
"373","加速の魔法書","speed"
"374","鈍足の魔法書","slow"
"375","加速のポーション","speed"
"376","鈍足のポーション","slow"
"377","加速の魔杖","speed"
"378","英雄の魔法書","hero"
"379","英雄気分のポーション","hero"
"380","脆弱の霧の魔法書","weakness"
"381","元素の傷跡の魔法書","elemental scar"
"382","脆弱のポーション","weakness"
"383","ホーリーヴェイルの魔法書","holy veil"
"384","ホーリーヴェイルの巻物","holy veil"
"385","浄化の魔杖","holy light"
"386","清浄なる光の魔法書","holy light"
"387","全浄化の魔法書","holy rain"
"388","清浄なる光の巻物","holy light"
"389","全浄化の巻物","holy rain"
"390","魔力の巻物","mana"
"391","魔力の魔杖","mana"
"392","硫酸","sulfuric"
"393","宝石加工ツール","gem cutter"
"394","素材箱","material box"
"395","マテリアル生成の巻物","gain material"
"396","ナイトメアの魔法書","nightmare"
"397","知者の加護の魔法書","knowledge"
"398","知恵の巻物","knowledge"
"399","特産ぬいぐるみ(荷車)","rag doll"
"400","匠のタル(荷車)","barrel"
"401","装飾ピアノ(荷車)","piano"
"402","ロープ(荷車)","rope"
"403","棺桶(荷車)","coffin"
"404","マンボー(荷車)","manboo"
"405","墓(荷車)","grave"
"406","ツナ(荷車)","tuna fish"
"407","銘酒セット(荷車)","whisky"
"408","貴族の玩具(荷車)","noble toy"
"409","浮き輪(荷車)","inner tube"
"410","物質感知の魔法書","detect objects"
"411","物質感知の巻物","detect objects"
"412","解呪の魔杖","uncurse"
"413","赤のガシャポン","red treasure machine"
"414","青のガシャポン","blue treasure machine"
"415","ガシャポンの玉","treasure ball"
"416","ガシャポンの玉(レア)","rare treasure ball"
"417","野菜の種","vegetable seed"
"418","果物の種","fruit seed"
"419","ハーブの種","herb seed"
"420","謎の種","unknown seed"
"421","アーティファクトの種","artifact seed"
"422","モージア","morgia"
"423","マレイロン","mareilon"
"424","スペンスウィード","spenseweed"
"425","キュラリア","curaria"
"426","アルローニア","alraunia"
"427","ストマフィリア","stomafillia"
"428","寝袋","sleeping bag"
"429","失耐性のポーション","weaken resistance"
"430","成長の巻物","growth"
"431","信仰の巻物","faith"
"432","突然変異のポーション","mutation"
"433","変異治療のポーション","cure mutation"
"434","自己変容の魔法書","mutation"
"435","厚鎧","banded mail"
"436","重層鎧","plate mail"
"437","輪鎧","ring mail"
"438","合成鎧","composite mail"
"439","綴り鎧","chain mail"
"440","法王衣","pope robe"
"441","軽鎧","light mail"
"442","防護服","coat"
"443","胴衣","breast plate"
"444","防弾服","bulletproof jacket"
"445","手袋","gloves"
"446","重層篭手","plate gauntlets"
"447","軽手袋","light gloves"
"448","合成篭手","composite gauntlets"
"449","小盾","small shield"
"450","丸型盾","round shield"
"451","盾","shield"
"452","合成盾","large shield"
"453","長盾","kite shield"
"454","重層盾","tower shield"
"455","履物","shoes"
"456","靴","boots"
"457","厚靴","tight boots"
"458","装甲靴","armored boots"
"459","合成腰当","composite girdle"
"460","重層腰当","plate girdle"
"461","防護外套","armored cloak"
"462","外套","cloak"
"463","羽帽子","feather hat"
"464","重兜","heavy helm"
"465","騎士兜","knight helm"
"466","兜","helm"
"467","合金兜","composite helm"
"468","ペリドット","peridot"
"469","護符","talisman"
"470","首当て","neck guard"
"471","お守り","charm"
"472","細工首輪","bejeweled amulet"
"473","結婚首輪","engagement amulet"
"474","合金指輪","composite ring"
"475","指当て","armored ring"
"476","指輪","ring"
"477","結婚指輪","engagement ring"
"478","聴診器","stethoscope"
"479","援軍の巻物","ally"
"480","支配の魔杖","domination"
"481","支配の魔法書","domination"
"482","機械弓","crossbow"
"483","クロスボウの矢束","bolt"
"484","蜘蛛の巣の魔法書","web"
"485","蜘蛛の巣の魔杖","web"
"486","電子機械","machine"
"487","コンピューター","computer"
"488","トレーニングマシーン","training machine"
"489","カメラ","camera"
"490","レンジ","microwave oven"
"491","サーバー","server"
"492","ストレージ","storage"
"493","トラッシュカン","trash can"
"494","チップ","chip"
"495","ブランクディスク","blank disc"
"496","散弾銃","shot gun"
"497","ポップコーン","pop corn"
"498","フライドポテト","fried potato"
"499","サイバースナック","cyber snack"
"500","劣悪素材の巻物","inferior material"
"501","素材変化の巻物","change material"
"502","*素材変化*の巻物","superior material"
"503","はく製","figurine"
"504","カード","card"
"505","妹の日記","little sister's diary"
"506","武器強化の巻物","enchant weapon"
"507","*武器強化*の巻物","greater enchant weapon"
"508","防具強化の巻物","enchant armor"
"509","*防具強化*の巻物","greater enchant armor"
"510","形見のカバン","heir trunk"
"511","遺産相続の権利書","heirship"
"512","光子銃","laser gun"
"513","光子弾","energy cell"
"514","《レールガン》","<Rail Gun>"
"515","充填の巻物","recharge"
"516","水","water"
"517","変化の魔杖","change creature"
"518","錬金術の魔杖","alchemy"
"519","染料","dye"
"520","翼","wing"
"521","博物館の権利書","museum"
"522","店の権利書","shop"
"523","ブナの木","beech"
"524","スギの木","cedar"
"525","果実のない木","fruitless"
"526","果実の木","fruits"
"527","枯れ木","dead tree"
"528","ケヤキの木","zelkova"
"529","ヤシの木","palm"
"530","トネリコの木","ash"
"531","溶鉱炉","furnance"
"532","暖炉","fireplace"
"533","かまど","stove"
"534","巨大な観葉植物","giant foliage plant"
"535","巨大なテーブル","big table"
"536","絵画《マダム》","madam"
"537","絵画《風景》","landscape"
"538","絵画《ひまわり》","sunflower"
"539","猫の像","cat"
"540","黒水晶","black crystal"
"541","雪だるま","snow man"
"542","畑の権利書","farm"
"543","倉庫の権利書","storage house"
"544","ディスク","disc"
"545","壁生成の魔杖","wall creation"
"546","壁生成の魔法書","wall creation"
"547","給料箱","salary chest"
"548","治癒の雨の魔法書","healing rain"
"549","治癒の雨の巻物","healing rain"
"550","癒しの手の魔法書","healing hands"
"551","癒しの手の魔杖","healing hands"
"552","羽","feather"
"553","宝石の種","gem seed"
"554","魔法の木の種","magical seed"
"555","シェルター","shelter"
"556","セブンリーグブーツ","seven league boots"
"557","ヴィンデールクローク","vindale cloak"
"558","オーロラリング","aurora ring"
"559","エーテル抗体のポーション","cure corruption"
"560","主の納入箱","master's delivery chest"
"561","店の金庫","shop strongbox"
"562","レジスター","register"
"563","学習書","textbook"
"564","酸の海の魔法書","acid ground"
"565","酸の滴る杖","acid ground"
"566","耐酸性コーティング液","acidproof liquid"
"567","耐火ブランケット","fireproof blanket"
"568","耐冷ブランケット","coldproof blanket"
"569","炎の壁の魔法書","fire wall"
"570","炎の壁の魔杖","fire wall"
"571","干し肉","jerky"
"572","牧場の権利書","ranch"
"573","卵","egg"
"574","乳","milk"
"575","フン","shit"
"576","ムービーディスク","playback disc"
"577","火炎瓶","molotov"
"578","貯金箱","kitty bank"
"579","冷蔵庫","freezer"
"580","普通の棚","modern rack"
"581","扉生成の魔杖","make door"
"582","扉生成の魔法書","make door"
"583","松明","torch"
"584","キャンドル","candle"
"585","奇抜なランプ","fancy lamp"
"586","モダンな街灯","modern lamp"
"587","雪","snow"
"588","葉の散った木","naked"
"589","モミの木","fir"
"590","雪かかし","snow scarecrow"
"591","ミニ雪だるま","mini snow man"
"592","雪をかぶったタル","snow barrel"
"593","雪をかぶったモダンな街灯","modern lamp"
"594","聖なる十字架","holy cross"
"595","扇形の柱","pillar"
"596","ステンドグラス","stained glass window"
"597","直送クリスマスツリー(荷車)","christmas tree"
"598","スノーマン(荷車)","snow man"
"599","クリスマスツリー","christmas tree"
"600","巨人の足枷","giant's shackle"
"601","空き瓶","empty bottle"
"602","聖なる井戸","holy well"
"603","ボスチェア","president's chair"
"604","目に優しい植物","green plant"
"605","パキラ","money tree"
"606","バーベキューセット","barbecue set"
"607","巨大サボテン","giant cactus"
"608","格子窓","square window"
"609","窓","window"
"610","三角木","triangle plant"
"611","ハウスボード","house board"
"612","アットホームな窓","nice window"
"613","王様ベッド","king's bed"
"614","フラワーアーチ","flower arch"
"615","請求書","bill"
"616","徴税士の納税箱","tax master's tax box"
"617","","bait"
"618","",""
"619","",""
"620","媚薬","love potion"
"621","宝の地図","treasure map"
"622","小さなメダル","small medal"
"623","妹の秘密の日記","cat sister's diary"
"624","お嬢様の日記","girl's diary"
"625","鳥居","shrine gate"
"626","ヘルメスの血","hermes blood"
"627","《賢者の兜》","<Sage's Helm>"
"628","インコグニートの魔法書","incognito"
"629","変装セット","disguise set"
"630","素材槌","material kit"
"631","ムーンゲート","moon gate"
"632","羽の生えた巻物","flying scroll"
"633","ギャルのパンティー","panty"
"634","紐","leash"
"635","地雷","mine"
"636","ロックピック","lockpick"
"637","スケルトンキー","skeleton key"
"638","脱出の巻物","escape"
"639","幸運のリンゴ","happy apple"
"640","ユニコーンの角","unicorn horn"
"641","クーラーボックス","cooler box"
"642","米俵","rice barrel"
"643","布団","eastern bed"
"644","カーテン付きの窓","decorated window"
"645","王様箪笥","king drawer"
"646","メニューボード","menu board"
"647","黒板","black board"
"648","ソファー","sofa"
"649","フェンス付き花壇","flowerbed"
"650","トイレ","toilet"
"651","名工食器棚","craft cupboard"
"652","シンク","sink"
"653","廃品","junk"
"654","ダブルベッド","double bed"
"655","英雄チーズ","hero cheese"
"656","灯篭","eastern lamp"
"657","東洋の窓","eastern window"
"658","提灯","chochin"
"659","パーティション","partition"
"660","暗黒の楔の魔法書","darkness wedge"
"661","《ダル=イ=サリオン》","<Dal-i-thalion>"
"662","マジックフルーツ","magic fruit"
"663","モンスターハート","monster heart"
"664","スピードの指輪","speed ring"
"665","オパートス像","Opatos"
"666","ルルウィ像","Lulwy"
"667","妹が愛を込めて作ったお弁当","sister's love fueled lunch"
"668","レイチェルの絵本","book"
"669","絵画(荷車)","art"
"670","お絵かきセット(荷車)","canvas"
"671","原子爆弾『Cat's Cradle』","nuclear bomb"
"672","秘宝","secret treasure"
"673","《ウィンドボウ》","<Wind Bow>"
"674","《ウィンチェスター・プレミアム》","<Winchester Premium>"
"675","《クミロミサイズ》","<Kumiromi Sythe>"
"676","《エレメンタルスタッフ》","<Elemental Staff)"
"677","《ホーリーランス》","<Holy Rance>"
"678","《ラッキーダガー》","<Lucky Dagger>"
"679","《大地の大槌》","Gaia Hammer>"
"680","ルルウィの神速の宝玉","god speed"
"681","ジュアの聖なる雨の宝玉","holy rain"
"682","クミロミの活性化の宝玉","rejuvenation"
"683","再構成マトリクス","matrix"
"684","能力複合機","gene machine"
"685","モンスターボール","monster ball"
"686","ジュア像","Jure"
"687","古書物","ancient book"
"688","アイアンメイデン","iron maiden"
"689","ギロチン","guillotine"
"690","パンフルート","pan flute"
"691","リュート","lute"
"692","ハーモニカ","harmonica"
"693","ハープ","harp"
"694","間仕切り","eastern partition"
"695","《破壊の斧》","<Axe of Destruction>"
"696","魔力の嵐の魔法書","magic storm"
"697","マジックボルトの魔法書","magic bolt"
"698","食塩水","salt solution"
"699","リトル捕獲玉","little ball"
"700","タウンブック","town book"
"701","デッキ","deck"
"702","うさぎのしっぽ","rabbit's tail"
"703","ホイッスル","whistle"
"704","ゲロゲロ","vomit"
"705","《乞食のペンダント》","<Begger's Pendant>"
"706","下落のポーション","descent"
"707","《ストラディバリウス》","<Stradivarius>"
"708","復活の書","resurrection"
"709","契約の巻物","contingency"
"710","契約の魔法書","contingency"
"711","進化のポーション","evolution"
"712","ダンジョンの権利書","dungeon"
"713","手裏剣","shuriken"
"714","手榴弾","grenade"
"715","クミロミの秘密の経験","Kumiromi"
"716","《バニラロック》","<Vanilla Rock>"
"717","ロミアスの秘密の経験","Lomias"
"718","《シーナのパンティー》","<Shena's Panty>"
"719","《クレイモア》","<Claymore>"
"720","幸せのベッド","happy bed"
"721","エヘカトル像","Ehekatl"
"722","《アルバレスト》","<Arbalest>"
"723","《ツインエッジ》","<Twin Edge>"
"724","音楽チケット","music ticket"
"725","《キルキルピアノ》","<Kill Kill Piano>"
"726","《アル・ウード》","<Al'ud>"
"727","《棘の盾》","<Shield ofThorn>"
"728","《紅凛》","<Crimson Plate>"
"729","おみやげ","gift"
"730","友情の証","friendship"
"731","四次元ポケットの魔法書","4 dimensional pocket"
"732","収穫の魔法書","harvest"
"733","サンドバッグ","sand bag"
"734","小さな宝くじ箱","small gamble chest"
"735","大鎌","scythe"
"736","耐熱コーティング液","fireproof liquid"
"737","名前の巻物","name"
"738","フォーチュンクッキー","fortune cookie"
"739","《フリージアの尻尾》","<Frisia's Tail>"
"740","《謎の貝》","<Unknown Shell>"
"741","《飛竜刀》","<Hiryu-To>"
"742","すくつ探索許可証","the void explorer"
"743","《カルネアデスの板》","Carneades"
"744","シュレディンガーの猫","Schrodinger's cat "
"745","こころ","heart"
"746","調教鞭","tamer's whip"
"747","ボコノンの書","Bokonon"
"748","召喚石","summoning crystal"
"749","創造主の像","Creator"
"750","昇り階段","upstairs"
"751","降り階段","downstairs"
"752","お年玉","new year's gift"
"753","こたつ","kotatsu"
"754","だるま","daruma"
"755","鏡もち","kagami mochi"
"756","もち","mochi"
"757","《五本角の兜》","<Five Horned Helm>"
"758","《マウザーC96カスタム》","<Mauser C96 Custom>"
"759","ライトセーバー","lightsabre"
"760","ガロクの槌","Garok's hammer"
"761","《グールドのピアノ》","<Gould's Piano>"
"762","聖夜祭の花冠","festival wreath"
"763","台座","pedestal"
"764","カウンター","counter"
"765","赤い屋根の屋台","red stall"
"766","青い屋根の屋台","blue stall"
"767","ジュアの抱き枕","Jure's body pillow"
"768","正月飾り","new year's decoration"
"769","ミニチュアツリー","miniature tree"
"770","ラムネ","soda"
"771","ブルーカプセルドラッグ","blue capsule drag"
"772","トマト","tomato"
"773","おっきな本棚","large bookshelf"
"774","高級キャビネット","luxury cabinet"
"775","特製肉まんじゅう","special steamed meat bun"
"776","クミロミ像","Kumiromi"
"777","マニ像","Mani"
"778","高級ソファー","luxury sofa"
"779","鹿の剥製","deer head"
"780","毛皮の敷物","fur carpet"
"781","包丁","kitchen knife"
"782","皿","dish"
"783","レシピ","recipe"
"784","カードパック","card pack"
"785","塩","salt"
"786","砂糖","sugar"
"787","ふかふかパン","puff puff bread"
"788","骨弓","skull bow"
"789","合成の壺","pot for fusion"
"790","《賢者の錬金釜》","pot of alchemist"
"791","《ドラゴン殺し》","<Dragon Slayer>"
"792","プチトロ","putitoro"
"793","《パイルバンカー帯電式Y型》","<Pile Driver>"
"794","《ネガティブエッヂ》","<Negative Edge>"
"795","《GAU-17ミニガン改》","<GAU-17 Custom>"
"796","《寛永通宝》","<Kaneituuhou>"
"797","ヤカテクトの小遣銭の宝玉","god medal"
"798","《轟海刀》","<Dynamic Saber>"
"799","ヴェルニースオリジナル","<Vernis Original>"
"800","《特殊防護スーツ》","<Awesome Swimwear>"
"801","《落椿》","<Oti-Tubaki>"
"802","《カストル＆ポルックス》","<Gemini >"
"803","《英雄のマント》","<Hero's cloak>"
"804","《ギガモールの骨鎌》","<Beast Sickle>"
"805","《神壊の大戦斧》","<God Breaker>"
"806","《G3-EXA》","<G3-EXA>"
"807","《ドレッドノート》","<Dreadnought>"
"808","《カインドネス》","<Kindness Blade>"
"809","姉の日記","OlderSister's diary"
"810","《ストームブリンガー》","<Stormbringer>"
"811","姉の秘密の日記","dog sister's diary"
"812","おにぎり","rice ball"
"813","《リボルケイン》","<Solar Cane>"
"814","《メタルヴェスダの機械翼》","<Metal Wing of Vesda>"
"815","砂のお城","sand castle"
"816","《ベーラヤ・スメルチ》","<Valkoinen Kuolema>"
"817","狙撃銃","sniper rifle"
"818","マニの切り札の宝玉","satellite shooter"
"819","《暴風の首輪》","<Tempest coller>"
"820","《運命の輪》","<Wheel of fortune>"
"821","《大地の足枷》","<Fetter of earth>"
"822","《神緑の茨》","<Green god thorn>"
"823","《機械拘束具》","<Mechanical binder>"
"824","《不殺の刺又》","<Sasumata>"
"825","ギャラメﾞル","caramel of termination"
"826","《妖刀黒鳥兜》","<Black monkshood>"
"827","《精霊手甲》","<Blue Spirit>"
"828","《金色の鎖》","<Aureate Constricter>"
"829","《魔断の指輪》","<Magic Canceler>"
"830","《ライ》","<Stone Coin>"
"831","《神を殺せる本》","<Buster Book>"
"832","クズ竜","waste art"
"833","グリア結晶","glia crystal"
"834","蓄電池","accumulator"
"835","火鉢","hibachi"
"836","殺人ＣＤ","murder CD"
"837","トロール細胞","troll cell"
"838","イカロスの翼","ikaros wing"
"839","エーテルの鏡","ether mirror"
"840","カオスジュエル","chaos jewel"
"841","ランプラント","lamp plant"
"842","ブラックドリップ","black drip"
"843","マジカルアイス","magic ice"
"844","かき氷","shaved ice"
"845","和太鼓","wadaiko"
"846","《ナイトメア》","<Nightmare>"
"847","スピードリンク","speed upper"
"848","玉手弁当","aging lunch"
"849","逆玉手弁当","age return lunch"
"850","《ST-03 スマッシュ》","<Smash Tonfa>"
"851","《菊十文字》","<Gerbera Cross>"
"852","禁断の肉塊","forbidden meat"
"853","狂人の日記","Insane book"
"854","《釘ストラディバリウス》","<Nail Stradivarius>"
"855","観賞用レーション(荷車)","ration"
"856","巨大マリモ(荷車)","marimo"
"857","エフェクト・スキャナー","effect scanner"
"858","ヤカテクト像","Yacatect"
"859","イツパロトル像","Itzpalt"
"860","《躰蝕の魔杖》","<Vital flayer>"
"861","《シールド・シールド》","<Sealed Shield>"
"862","《ゴルネ・ツィーベル》","<Zwiebel>"
"863","《フレイムザンバー》","<Flame Edge>"
"864","三角木馬","wooden horse"
"865","コマンドフラッグ","command flag"
"866","《ノヴァ・グレネード》","<Nova Grenade>"
"867","イス焼き","yith-yaki"
"868","《スパイラルカオス》","<Unicorn Drill>"
"869","",""
"870","フェザーの魔法書","feather"
"871","《ST-04 セイバー》","<Saber Tonfa>"
"872","吽形の狛犬","koma-inu"
"873","阿形の狛犬","koma-inu"
"874","《フラッシュボウガン》","<Flash Crossbow>"
"875","《七光の大弓》","<Rainbow>"
"876","犬笛","<Dog Whistle>"
"877","賢者の石仮面","Philosopher's Stone Mask"
"878","かきこむ名刺","Blank Business Card"
"879","《アルアビス》","<Mag-Abyss>"
"880","《斬り札》","<Slash Joker>"
"881","《AA-12アドバンス》","<AA-12 Advance>"
"882","サンクティオ","aqua sanctio"
"883","大災薬","disaster"
"884","ネクタル","nektar "
"885","ソーマ","soma"
"886","魔よけの人形","<Cleaning Doll>"
"887","月蝕の波動の魔杖","eclipse"
"888","《ムーンライトセーバー》","<Moonlight>"
"889","手作りチョコ","handmade chocolate"
"890","マシンルアー","<super lure>"
"891","《イーグル＆レオン》","<Griffon>"
"892","《ST-02 シールド》","<Shield Tonfa>"
"893","《ST-05 ソニック》","<Sonic Tonfa>"
"894","マンドラサラダ","mandrake salad"
"895","《ST-01 サクリファイス》","<Sacrifice Tonfa>"
"896","誰かの日記","mysterious diary"
"897","引越しの権利書","removal deed"
"898","《ドレイクロッド》","<Drake Rod>"
"899","《グラビトンアクス》","<Gravity Axe>"
"900","アストラル光筆","astral light pen"
"901","雷光の波動の魔杖","lightning ball"
"902","たらばがに","coconut crab "
"903","闇の棺","coffin of necromancy"
"904","《ウォースーツ》","<War Suit>"
"905","《危険な水着》","<Danger Swimwear>"
"906","栗","chestnut"
"907","チョコレート手作りキット","kit of making chocolate"
"908","《常闇の杖》","<Vice Staff>"
"909","廃モンスター牧場の権利書","discarded ranch"
"910","ミニチュア魔導船","miniature blimp"
"911","永久防腐剤","antiseptic"
"912","スイカ","watermelon"
"913","メロン","muskmelon"
"914","バナナ","banana"
"915","梨","apple pear"
"916","パイン","pineapple"
"917","ポテト","potato"
"918","コーン","corn"
"919","ナス","eggplant"
"920","有機肥料","organic fertilizer"
"921","大型ブラシ","big brush"
"922","《ネイベル・ネクス》","<Astral Sickle>"
"923","《ガルバグナウ》","<Gur Bagh Nakh>"
"924","ダイヤモンド","brilliant diamond"
"925","エメラルド・タブレット","emerald tablet"
"926","ルビナス","brilliant rubynus"
"927","セルパン","serpent"
"928","リコーダー","recorder"
"929","オカリナ","ocarina"
"930","リンカネイト","soul spindle"
"931","覚醒の宝玉","Wake up of nefia"
"932","クラムベリー","crimberry"
"933","麻薬煙管","drug kiseru"
"934","",""
"935","常世桜","sakura"
"936","材木","wood material"
"937","連弩","repeating bow"
"938","鉤爪","claw"
"939","大岩","rock"
"940","《アステロイドベルト》","<Asteroid Belt>"
"941","火吸の勾玉","magatama"
"942","どんぐり","acorn"
"943","黄金どんぐり","gold acorn"
"944","柿","kaki"
"945","ロミアス","romias"
"946","四つ葉のクローバー","four-leaf clover"
"947","ジュークボックス","Juke box"
"948","《音切爪》","<Otogiri>"
"949","《大太刀鳳閃火》","<Housenka>"
"950","《トリシューラ》","<Trishula>"
"951","《N97対戦艦自動砲》","<N97 Cannon>"
"952","特製深海弁当","abyss lunch"
"953","弩砲","ballista"
"954","鎖鎌","chainsickle"
"955","ソックス","sox"
"956","鞭","whip"
"957","《スンバラリアヘッド》","<Sunbararia Helm>"
"958","《グランデイル》","<Grandel>"
"959","《メロディウス》","<Melodyus>"
"960","石材","stone material"
"961","ペットハウス","pethouse"
"962","ミニチュアゴーレム","small wooden golem"
"963","仏像","butuzou"
"964","地蔵","zizou"
"965","ミニチュアゴーレム","small stone golem"
"966","天使の像","angel statue"
"967","E,G,G","E.G.G"
"968","マインドディスク","mind disc"
"969","ネフィアティア","core of nefia"
"970","神雫石","tear of god"
"971","九神の印","nine god sign"
"972","被水の勾玉","magaqua"
"973","マグナム弾","magnum"
"974","《アイヴィ・スパイン》","<Ivy Spine>"
"975","《アルジェントスノウ》","<Argent Snow>"
"976","集中力向上のポーション","concentration"
"977","翼鳥のポーション","feather"
"978","集中の魔法書","concentration"
"979","かぼちゃランタン","jack lantern"
"980","インサイトレンズ","insight lens"
"981","《ウサミミ》","<Usamimi>"
"982","眠り羊の夢枕","sleep sheep"
"983","《ブラッディ・ティアーズ》","<Bloody Tears>"
"984","デュエルグローブ","duel glove"
"985","《ラッキーアーモンド》","<Lucky Almonds>"
"986","《HL-KRSW》","<HL-KRSW>"
"987","暴れる魔剣","skull sword"
"988","マギスト","magistus"
"989","トリス・マギストス","trismagistus"
"990","不思議な秘宝","wonder body former"
"991","異界墓地の鍵","DD cemetery key"
"992","大型ピクニックバスケット","large picnic basket"
"993","空の大型バスケット","large empty basket"
"994","四次元ミラー","4-Dimensional mirror"
"995","《スパディール》","<Spadille>"
"996","《イオンチャクラム》","<Ion Cakram>"
"997","《鬼のパンツ》","<Pants of Ogre>"
"998","《ソニックブルーム》","<Sonic Broom>"
"999","オメガ変異殻","omega shift core"
"1000","デルタ変異殻","delta shift core"
"1001","ガンマ変異殻","gamma shift core"
"1002","ベータ変異殻","beta shift core"
"1003","アルファ変異殻","alpha shift core"
"1004","ジュースミキサー","Juice mixer"
"1005","",""
"1006","《ウィーテハウク》","<The White Hawk>"
"1007","《GARMS-2》","<Mighty Arms>"
"1008","暴魔の大剣","violent skull sword"
"1009","爆発する原子力の死んだライオン","NUCLEAR DEAD LION"
"1010","《ブラッドロッド》","<Blood rod>"
"1011","魔女の練り菓子","kneaded sweets of witch"
"1012","輪廻鋏","<Scissors of Kumiromi>"
"1013","おさかなマグカップ","<Mug of Ehekatl>"
"1014","古霜の栞","<Bookmark of Itzpalt>"
"1015","レッドアンダーリム","<Glasses of Yacatect>"
"1016","特殊信号拳銃","<Very pistol of Mani>"
"1017","媚赤蝋燭","<Candle of Luluwy>"
"1018","健康のお守り","<Amulet of Jure>"
"1019","ヘヴィダンベル","<Dumbbell of Opatos>"
"1020","《流星群のセスタス》","<Cestus of Meteors>"
"1021","コマンドタクト","Taktstock"
"1022","特殊矢弾箱","special ammos box"
"1023","ファーストエイド","first aid kit"
"1024","《研究員の閻魔帳》","researcher's diary"
"1025","《イェーキュブ・スフィア》","<Amulet of Yekub>"
"1026","猛毒の波動の魔杖","poison ball"
"1027","マジックレーザーの魔杖","magic laser"
"1028","快眠ブランケット","pleasant sleep blanket"
"1029","パンツァーファウストＸ","panzerfaust X"
"1030","M202スペシャル","M202 special"
"1031","アトミックランチャー","atomic launcher"
"1032","泡沫の波動の魔杖","bubble ball"
"1033","ハイドロボルトの魔法書","hydro bolt"
"1034","《鎖惨渦》","<Sasanqua Sickle>"
"1035","精油","essential oil"
"1036","揮発油","gasoline"
"1037","エレメントアイズ","Elements Eyes"
"1038","《ヘルティアーレ》","<Heltiarre>"
"1039","《髑髏三日月》","<Dokuro-Mikaduki>"
"1040","不思議の国のキノコスープ","soup of wonderland"
"1041","ブロンズ硬貨","bronze coin"
"1042","《ズガイクライ》","<Zugaikurai>"
"1043","タバコ","tobacco"
"1044","紙巻タバコ","cigarette"
"1045","葉巻","hamaki"
"1046","パイプ","tobacco pipe"
"1047","キセル","kiseru"
"1048","吸い殻","suigara"
"1049","《邪成鎌ネクロマンティス》","<Necromantis>"
"1050","ビジャーキー","b-jerky"
"1051","連装花火ランチャー","hanabi"
"1052","コショウ","pepper"
"1053","醤油","soy sauce"
"1054","万能ムギ","bannou mugi"
"1055","稲","rice"
"1056","コーヒー豆","coffee beans"
"1057","茶葉","tea leaf"
"1058","《グリエルゼン》","<Guliwelzen>"
"1059","プレゼント","present"
"1060","名工のリペアキット","craft repair kit"
"1061","","wild flower"
"1062","バイオプリンター","bio printer"
"1063","《ヨワリ・テスカトル》","<Yohualli Tezcatl>"
"1064","退芭符","ohuda"
"1065","素敵な花束","lovely bouquet"
"1066","スターダスト","stardust"
"1067","《クラウンポイント》","<Crown Point>"
"1068","黄昏の心臓","Heart of twilight "
"1069","",""
"1070","緑茶","green tea"
"1071","家畜の餌","livestock feed"
"1072","ヨーグルト","yogurt"
"1073","バター","butter"
"1074","チーズ","cheese"
"1075","《黄金剣舞翼》","<Assault Gold>"
"1076","守護石の魔法書","gem"
"1077","宝石絢爛のポーション","gem"
"1078","賢皇薬","wisdom"
"1079","大豆","soybean"
"1080","とうふ","tofu"
"1081","納豆","natto"
"1082","油揚げ","fried tofu"
"1083","《腹切丸》","<Harakiri>"
"1084","120万納税書","1.2 million tax certificate"
"1085","1200万納税書","12 million tax certificate"
"1086","柔のマテリウム","soft materium"
"1087","柔のハイマテリウム","soft high materium"
"1088","剛のマテリウム","hard materium"
"1089","剛のハイマテリウム","hard high materium"
"1090","鋭のマテリウム","sharp materium"
"1091","鋭のハイマテリウム","sharp high materium"
"1092","《神々の枷鎖》","<God Binder>"
"1093","スキルチケット","skill ticket"
"1094","めざマニ時計","mani's alarm clock"
"1095","絵画《エヘカトルとメカジキ》","painting of ehekatl and swordfish"
"1096","イツパロトルの胸像","itzpalt's sculpture"
"1097","ヤカテクト預金箱","yacatect's bank"
"1098","ルルウィの写真集","lulwy's photo collection"
"1099","くみろみぐるみ","kumiromi-gurumi"
"1100","ダウジングオパートス","dowsing opatos"
"1101","《ビートルパワーボーグ》","<Beetle Cyborg>"
"1102","ドライフルーツ","dried fruit"
"1103","干し野菜","dried vegetable"
"1104","干物","dried fish"
"1105","謎の茶封筒","mysterious envelope"
"1106","クリスマスケーキセット","christmas cake set"
"1107","お雑煮","ozouni"
"1108","おしるこ","osiruko"
"1109","ハンバーガー","hamburger"
"1110","《グラヴィテール》","<Gravitail>"
"1111","《ダブルヘリックス》","<Rasen>"
"1112","《魔術式拘束服》","<Magic Restraint>"
"1113","如意耳掻棒","nyoi mimikaki"
"1114","生体バッテリー","bio battery"
"1115","ジョロジョロ","urine"
"1116","撒き餌","ground bait"
"1117","ウサギの足(荷車)","rabbit foot"
"1118","地獄絵図(荷車)","eruption painting"
"1119","《次元間力観測実験報告書》","Observation report"
"1120","アラートドキシン","encount canceller"
"1121","執事の日記","butler's diary"
"1122","硫黄","sulfur"
"1123","粘土","clay"
"1124","謎の化石","something fossil"
"1125","古代の焼き物","ancient pottery"
"1126","装飾陶器","decorative pottery"
"1127","磁器人形","bisque doll"
"1128","ガム","chewing gum"
"1129","ガムの残骸","gum remnant"
"1130","魔神の欠片","dark fragment"
"1131","麦茶","mugi tea"
"1132","コーラ","cola"
"1133","ボムタル","bomb barrel"
"1134","物件移設の申請書","property transfer deed"
"1135","姿勢制御アンカー","Fixity anchor"
"1136","抗体結晶","cure crystal"
"1137","チクリー","chicury"
"1138","フェーン","fane"
"1139","小枝","twig"
"1140","双銃","gun pair"
"1141","炎弩","crossfire"
"1142","斬弓","blade bow"
"1143","節棍","nunchaku"
"1144","錫杖","shakujo"
"1145","星球槌","star hammer"
"1146","戦槌","war hammer"
"1147","骨鎌","bone scythe"
"1148","鋏鎌","scissors"
"1149","鎖鋸","chain saw"
"1150","投斧","tomahawk"
"1151","騎士槍","lance"
"1152","螺旋機","drill"
"1153","細剣","fleure"
"1154","苦無","kunai"
"1155","浄化消毒薬","disinfectant"
"1156","《小人の魔法弓》","<Ling's Bow>"
"1157","《リンカルス》","<Rinkhals>"
"1158","《黄泉戸欠片》","<Yomi-to>"
"1159","《スコル・ピアス》","<Scorpierce>"
"1160","《ナズナの靴下》","<Nazuna's Sox>"
"1161","《電磁炎弩》","<Cross Rail>"
"1162","《三烈棍》","<Power Triangle>"
"1163","《炎獄曼荼羅》","<Engoku>"
"1164","《ヌメニウス》","<Numenius>"
"1165","《DGT-101》","<DGT-101>"
"1166","《轟天》","<Gouten>"
"1167","《エペクレイル》","<Epeclair>"
"1168","《伍連華草》","<Go-Renge>"
"1169","《カニカマ》","<Kani-kama>"
"1170","《ライトセーバーっぽい杏仁豆腐》","<ANNINDOFU LIKE A LIGHTSABRE>"
"1171","《エビフライト》","<Fright Prawn>"
"1172","冷吸の勾玉","magaice"
"1173","ウィッチクラフトの巻物","witchcraft"
"1174","作物管理セット","crop management tools"
"1175","木人","<moku-jin>"
"1176","赤竜石","dragon's red"
"1177","チンアナゴ","spotted garden eel "
"1178","宝石珊瑚","jewel coral"
"1179","水草","aquatic plant"
"1180","ヤカポイントカード","yaca point card"
"1181","煙玉","kemuridama"
"1182","《劫波の針》","<Kalpa Hand>"
"1183","《バンブニール》","<Bambnir>"
"1184","《レイヴンブランド》","<Ravenbrand>"
"1185","《破竹魔甲冑》","<Bamagicar>"
"1186","《世界制服》","<Clothworld>"
"1187","大型馬車の権利書","carriage"
"1188","輸送車の権利書","truck"
"1189","魔導機関車の権利書","magic locomotive"
"1190","陸上戦艦の権利書","land battleship"
"1191","記憶片","debris"
"1192","《依頼についてのアドバイス》","quest advice"
"1193","《釣り入門》","fishing introduction"
"1194","紅魔神石","crimson dark orb"
"1195","蒼魔神石","blue dark orb"
"1196","翠魔神石","green dark orb"
"1197","原稿","manuscript"
"1198","",""
"1199","オペレートボード","operating board"
"1200","",""
"1201","",""
"1202","",""
"1203","",""
"1204","変憶結晶","memory converter"
"1205","浮遊要塞の鍵","Floating fortress key"
"1206","特殊重婚許可証","Bigamy Permit"
"1207","矛盾勲章","Contradiction"
"1208","光子妖精","Photon Fairy"
"1209","Ｇフィンガー","G-Finger"
"1210","レシマスの欠片","Lesimas Fragment"
"1211","レミードの欠片","Rehmido Fragment"
"1212","軍神の欠片","Chaos Fragment"
"1213","浄水筒","filtration bottle"
"1214","黄金像","golden doll"
"1215","黄金蜂蜜酒","golden mead"
"1216","M12-成功のラピスラズリ","M12-Lapis Lazuli"
"1217","M11-友情のトパーズ","M11-Topaz"
"1218","M10-希望のオパール","M10-Opal"
"1219","M09-慈愛のサファイア","M09-Sapphire"
"1220","M08-円満のサードニクス","M08-Sardonyx"
"1221","M07-威厳のルビー","M07-Ruby"
"1222","M06-情熱のアレキサンドライト","M06-Alexandrite"
"1223","M05-誠実のエメラルド","M05-Emerald"
"1224","M04-無垢のダイヤモンド","M04-Diamond"
"1225","M03-聡明のアクアマリン","M03-Aquamarine"
"1226","M02-高貴のアメジスト","M02-Amethyst"
"1227","M01-真実のガーネット","M01-Garnet"
"1228","喪蝉","dying cicada"
"1229","水の牙の魔法書","hydro fang"
"1230","音の砲弾の魔法書","sound cannonball"
"1231","毒の粘液の魔法書","poison mucus"
"1232","幻惑の棘の魔法書","mind thorn"
"1233","電撃の槍の魔法書","lightning spear"
"1234","冷気の刃の魔法書","cold blade"
"1235","火炎の爪の魔法書","fire claw"
"1236","ナーブボルトの魔法書","nerve bolt"
"1237","カオスボルトの魔法書","chaos bolt"
"1238","サウンドボルトの魔法書","sound bolt"
"1239","ポイズンボルトの魔法書","poison bolt"
"1240","ネザーボルトの魔法書","nether bolt"
"1241","苦悶の檻の魔法書","anguish jail"
"1242","夢幻の咆哮の魔法書","illusion roar"
"1243","泡沫の嵐の魔法書","bubble storm"
"1244","猛毒の嵐の魔法書","poison storm"
"1245","冥王の咆哮の魔法書","nether roar"
"1246","月蝕の檻の魔法書","eclipse jail"
"1247","雷霆の渦の魔法書","thunder vortex"
"1248","靴下","socks"
"1249","アウルテホム","Aurtehom"
"1250","コマンドホイッスル","command whistle"
"1251","アネワッシャー","anering"
"1252","強化星維","starfiber"
"1253","SuエクステンダーY","SurvivabilityEXtenderY"
"1254","SuエクステンダーX","SurvivabilityEXtenderX"
"1255","スピリチウム","spiritium"
"1256","スペードの宝札","master of spade"
"1257","クラブの宝札","master of club"
"1258","ハートの宝札","master of heart"
"1259","ダイヤの宝札","master of diamond"
"1260","光子バズーカ砲","laser bazooka"
"1261","コルクパック","cork pack"
"1262","ビーダマ","b-dama"
"1263","ボトルキャップ","bottle cap"
"1264","デルネフィアの花","dernefia"
"1265","",""
"1266","構成粘菌","slime mold"
"1267","フカグルミ","fukagurumi"
"1268","Ｘフレーム","X-Frame"
"1269","PVフィクサー","PV fixer"
"1270","DVフィクサー","DV fixer"
"1271","Resアッパー","Res upper"
"1272","闘魂石","fighting destone"
"1273","魔導結石","mana destone"
"1274","覚醒の閃石","awake destone"
"1275","白魔神石","white dark orb "
"1276","潜水艦の権利書","submarine"
"1277","軍用艦の権利書","warship"
"1278","客船の権利書","cruise ship"
"1279","海賊船の権利書","pirate ship"
"1280","漁船の権利書","fishing ship"
"1281","巨大イカダの権利書","huge raft"
"1282","ワカメ","wakame"
"1283","昆布","kombu"
"1284","もずく","mozuku"
"1285","ホタテ","hotate"
"1286","ハマグリ","hamaguri"
"1287","サザエ","sazae"
"1288","強身薬","physical"
"1289","禍多岐薬","calamity"
"1290","阿苦薬","agony"
"1291","引き寄せの巻物","attract"
"1292","収穫の巻物","harvest"
"1293","奴隷バタバタ","slave wheel"
"1294","奴隷グルグル","slave spinner"
"1295","浮遊檻","float cage"
"1296","収容所の権利書","camp"
"1297","立派な鎖","splendid chain"
"1298","労働エナジードリンク","toil-energy drink"
"1299","ポーションの栓","potion plug"
"1300","ペット訓練券","pet training ticket"
"1301","《秘伝魔紙》","<Hiden Mashi>"
"1302","《金毛発破》","<Konmou Happa>"
"1303","《骨噛矛》","<Honegum>"
"1304","エキノボックス","echinobox"
"1305","放雷針","lightning discharger"
"1306","暗黒弾","darknessbang"
"1307","雪の大結晶","snow crystal"
"1308","ミラクリー","mimirrocry"
"1309","シュールストレミング","surstromming"